scholarship_id,title,field,eligibility,description,deadline,funding_type,eligible_countries
S0001,Arts Excellence Scholarship 1,Computer Science,"Minimum GPA 3.5, International students welcome",Comprehensive scholarship for Medicine students focusing on Legal Studies. Full tuition coverage available.,2026-07-24,Full,"Brazil, Germany, Canada"
S0002,Law Excellence Scholarship 2,Data Science,"Minimum GPA 3.2, Domestic students only",Comprehensive scholarship for Education students focusing on Data Analysis. Partial funding available.,2026-10-11,Full,"Australia, South Africa, UAE"
S0003,Computer Science Excellence Scholarship 3,Business,"Minimum GPA 3.0, International students welcome",Comprehensive scholarship for Engineering students focusing on Legal Studies. Full tuition coverage available.,2026-02-11,Research Grant,"UAE, Brazil, Germany"
S0004,Arts Excellence Scholarship 4,Education,"Minimum GPA 3.2, Domestic students only",Comprehensive scholarship for Data Science students focusing on Data Analysis. Full tuition coverage available.,2026-03-05,Partial,"USA, Australia, Germany"
S0005,Computer Science Excellence Scholarship 5,Business,"Minimum GPA 3.5, Domestic students only",Comprehensive scholarship for Education students focusing on AI. Full tuition coverage available.,2026-10-30,Full,"Australia, Canada, South Africa"
S0006,Business Excellence Scholarship 6,Arts,"Minimum GPA 3.0, International students welcome",Comprehensive scholarship for Law students focusing on Environmental Conservation. Partial funding available.,2025-12-25,Full,"South Africa, UK, UAE"
S0007,Computer Science Excellence Scholarship 7,Business,"Minimum GPA 3.0, International students welcome",Comprehensive scholarship for Medicine students focusing on Legal Studies. Partial funding available.,2026-03-22,Partial,"Australia, UK, Brazil"
S0008,Engineering Excellence Scholarship 8,Business,"Minimum GPA 3.0, International students welcome",Comprehensive scholarship for Education students focusing on Web Development. Partial funding available.,2026-09-20,Partial,"India, Brazil, Canada"
S0009,Environmental Science Excellence Scholarship 9,Computer Science,"Minimum GPA 3.5, International students welcome",Comprehensive scholarship for Education students focusing on Creative Arts. Partial funding available.,2026-01-15,Research Grant,"UK, Japan, South Africa"
S0010,Engineering Excellence Scholarship 10,Business,"Minimum GPA 3.0, International students welcome",Comprehensive scholarship for Computer Science students focusing on Machine Learning. Full tuition coverage available.,2026-03-16,Partial,"Germany, Japan, South Africa"
S0011,Law Excellence Scholarship 11,Law,"Minimum GPA 3.0, International students welcome",Comprehensive scholarship for Computer Science students focusing on Business Management. Full tuition coverage available.,2026-02-17,Research Grant,"USA, Brazil, South Africa"
S0012,Medicine Excellence Scholarship 12,Computer Science,"Minimum GPA 3.2, International students welcome",Comprehensive scholarship for Law students focusing on Data Analysis. Full tuition coverage available.,2026-05-24,Partial,"UK, UAE, South Africa"
S0013,Law Excellence Scholarship 13,Medicine,"Minimum GPA 3.2, International students welcome",Comprehensive scholarship for Data Science students focusing on Legal Studies. Research grant available.,2026-08-31,Partial,"Canada, Japan, Germany"
S0014,Arts Excellence Scholarship 14,Arts,"Minimum GPA 3.0, Domestic students only",Comprehensive scholarship for Business students focusing on Data Analysis. Research grant available.,2026-10-21,Full,"Canada, UK, UAE"
S0015,Computer Science Excellence Scholarship 15,Environmental Science,"Minimum GPA 3.2, International students welcome",Comprehensive scholarship for Medicine students focusing on Medical Research. Partial funding available.,2026-06-11,Research Grant,"UK, Japan, South Africa"
S0016,Computer Science Excellence Scholarship 16,Computer Science,"Minimum GPA 3.5, International students welcome",Comprehensive scholarship for Engineering students focusing on Data Analysis. Research grant available.,2026-09-14,Partial,"USA, Australia, UAE"
S0017,Engineering Excellence Scholarship 17,Education,"Minimum GPA 3.2, Domestic students only",Comprehensive scholarship for Data Science students focusing on AI. Research grant available.,2025-12-24,Partial,"India, Australia, UAE"
S0018,Arts Excellence Scholarship 18,Engineering,"Minimum GPA 3.0, International students welcome",Comprehensive scholarship for Business students focusing on Education Technology. Full tuition coverage available.,2025-12-22,Research Grant,"USA, UK, Japan"
S0019,Arts Excellence Scholarship 19,Engineering,"Minimum GPA 3.2, International students welcome",Comprehensive scholarship for Environmental Science students focusing on Web Development. Research grant available.,2026-09-10,Partial,"Australia, Brazil, Canada"
S0020,Engineering Excellence Scholarship 20,Business,"Minimum GPA 3.5, International students welcome",Comprehensive scholarship for Medicine students focusing on Education Technology. Research grant available.,2026-11-06,Full,"Canada, India, Germany"
S0021,Data Science Excellence Scholarship 21,Engineering,"Minimum GPA 3.5, Domestic students only",Comprehensive scholarship for Engineering students focusing on Education Technology. Full tuition coverage available.,2026-05-24,Partial,"Canada, UK, South Africa"
S0022,Education Excellence Scholarship 22,Arts,"Minimum GPA 3.0, International students welcome",Comprehensive scholarship for Data Science students focusing on AI. Partial funding available.,2026-01-09,Full,"Japan, India, UAE"
S0023,Computer Science Excellence Scholarship 23,Data Science,"Minimum GPA 3.5, International students welcome",Comprehensive scholarship for Arts students focusing on Web Development. Partial funding available.,2026-05-01,Research Grant,"Brazil, South Africa, Japan"
S0024,Data Science Excellence Scholarship 24,Medicine,"Minimum GPA 3.2, Domestic students only",Comprehensive scholarship for Education students focusing on Medical Research. Research grant available.,2026-08-01,Full,"Germany, India, Brazil"
S0025,Business Excellence Scholarship 25,Law,"Minimum GPA 3.0, International students welcome",Comprehensive scholarship for Environmental Science students focusing on Medical Research. Full tuition coverage available.,2026-07-31,Full,"Canada, Germany, Australia"
S0026,Law Excellence Scholarship 26,Education,"Minimum GPA 3.0, Domestic students only",Comprehensive scholarship for Data Science students focusing on AI. Research grant available.,2026-04-02,Research Grant,"Australia, India, Germany"
S0027,Computer Science Excellence Scholarship 27,Environmental Science,"Minimum GPA 3.5, Domestic students only",Comprehensive scholarship for Computer Science students focusing on Environmental Conservation. Full tuition coverage available.,2026-06-06,Research Grant,"India, Germany, USA"
S0028,Data Science Excellence Scholarship 28,Arts,"Minimum GPA 3.2, International students welcome",Comprehensive scholarship for Law students focusing on Education Technology. Research grant available.,2026-11-02,Full,"India, UK, Canada"
S0029,Computer Science Excellence Scholarship 29,Education,"Minimum GPA 3.5, Domestic students only",Comprehensive scholarship for Computer Science students focusing on Medical Research. Research grant available.,2026-06-13,Partial,"UK, Germany, Japan"
S0030,Law Excellence Scholarship 30,Data Science,"Minimum GPA 3.2, Domestic students only",Comprehensive scholarship for Business students focusing on Environmental Conservation. Research grant available.,2026-05-11,Research Grant,"India, Brazil, Canada"
S0031,Law Excellence Scholarship 31,Education,"Minimum GPA 3.0, International students welcome",Comprehensive scholarship for Arts students focusing on Business Management. Research grant available.,2026-05-26,Partial,"Australia, Canada, USA"
S0032,Engineering Excellence Scholarship 32,Medicine,"Minimum GPA 3.0, Domestic students only",Comprehensive scholarship for Medicine students focusing on Medical Research. Partial funding available.,2026-06-23,Full,"Canada, Germany, Japan"
S0033,Computer Science Excellence Scholarship 33,Law,"Minimum GPA 3.5, International students welcome",Comprehensive scholarship for Computer Science students focusing on Web Development. Partial funding available.,2026-02-16,Research Grant,"Germany, India, Brazil"
S0034,Law Excellence Scholarship 34,Arts,"Minimum GPA 3.0, Domestic students only",Comprehensive scholarship for Engineering students focusing on Machine Learning. Full tuition coverage available.,2026-05-27,Partial,"UK, South Africa, India"
S0035,Business Excellence Scholarship 35,Business,"Minimum GPA 3.2, International students welcome",Comprehensive scholarship for Environmental Science students focusing on Web Development. Full tuition coverage available.,2026-03-06,Full,"India, South Africa, UK"
S0036,Environmental Science Excellence Scholarship 36,Law,"Minimum GPA 3.5, Domestic students only",Comprehensive scholarship for Computer Science students focusing on Data Analysis. Partial funding available.,2026-04-11,Full,"UAE, USA, UK"
S0037,Computer Science Excellence Scholarship 37,Law,"Minimum GPA 3.5, Domestic students only",Comprehensive scholarship for Data Science students focusing on Business Management. Full tuition coverage available.,2026-08-18,Research Grant,"India, Germany, Brazil"
S0038,Environmental Science Excellence Scholarship 38,Engineering,"Minimum GPA 3.0, International students welcome",Comprehensive scholarship for Computer Science students focusing on Business Management. Partial funding available.,2026-03-31,Full,"Brazil, USA, Germany"
S0039,Computer Science Excellence Scholarship 39,Arts,"Minimum GPA 3.0, International students welcome",Comprehensive scholarship for Law students focusing on Education Technology. Research grant available.,2025-12-09,Partial,"India, Japan, Germany"
S0040,Engineering Excellence Scholarship 40,Education,"Minimum GPA 3.0, Domestic students only",Comprehensive scholarship for Engineering students focusing on Creative Arts. Full tuition coverage available.,2026-06-14,Full,"Brazil, Australia, South Africa"
S0041,Engineering Excellence Scholarship 41,Data Science,"Minimum GPA 3.0, International students welcome",Comprehensive scholarship for Medicine students focusing on AI. Full tuition coverage available.,2026-01-07,Partial,"Australia, India, Japan"
S0042,Business Excellence Scholarship 42,Business,"Minimum GPA 3.0, International students welcome",Comprehensive scholarship for Business students focusing on Machine Learning. Full tuition coverage available.,2026-08-26,Research Grant,"India, UK, Australia"
S0043,Education Excellence Scholarship 43,Business,"Minimum GPA 3.5, Domestic students only",Comprehensive scholarship for Computer Science students focusing on Medical Research. Full tuition coverage available.,2026-02-08,Full,"Japan, Germany, UAE"
S0044,Medicine Excellence Scholarship 44,Computer Science,"Minimum GPA 3.2, International students welcome",Comprehensive scholarship for Law students focusing on Environmental Conservation. Research grant available.,2026-03-05,Research Grant,"Germany, South Africa, USA"
S0045,Computer Science Excellence Scholarship 45,Medicine,"Minimum GPA 3.5, Domestic students only",Comprehensive scholarship for Computer Science students focusing on Business Management. Full tuition coverage available.,2026-08-20,Partial,"USA, Japan, South Africa"
S0046,Law Excellence Scholarship 46,Environmental Science,"Minimum GPA 3.5, Domestic students only",Comprehensive scholarship for Business students focusing on Business Management. Research grant available.,2026-02-23,Research Grant,"Japan, USA, India"
S0047,Environmental Science Excellence Scholarship 47,Medicine,"Minimum GPA 3.5, International students welcome",Comprehensive scholarship for Medicine students focusing on Business Management. Full tuition coverage available.,2026-08-01,Full,"Australia, Brazil, India"
S0048,Arts Excellence Scholarship 48,Environmental Science,"Minimum GPA 3.5, International students welcome",Comprehensive scholarship for Education students focusing on Medical Research. Partial funding available.,2026-08-09,Research Grant,"Japan, Brazil, UAE"
S0049,Computer Science Excellence Scholarship 49,Business,"Minimum GPA 3.5, Domestic students only",Comprehensive scholarship for Computer Science students focusing on Medical Research. Full tuition coverage available.,2026-04-19,Research Grant,"Germany, UAE, Australia"
S0050,Arts Excellence Scholarship 50,Engineering,"Minimum GPA 3.0, International students welcome",Comprehensive scholarship for Arts students focusing on Legal Studies. Full tuition coverage available.,2026-10-25,Full,"Canada, Germany, India"
S0051,Education Excellence Scholarship 51,Arts,"Minimum GPA 3.0, Domestic students only",Comprehensive scholarship for Arts students focusing on Data Analysis. Research grant available.,2026-03-16,Full,"South Africa, Canada, USA"
S0052,Engineering Excellence Scholarship 52,Law,"Minimum GPA 3.0, International students welcome",Comprehensive scholarship for Arts students focusing on Education Technology. Full tuition coverage available.,2026-03-16,Research Grant,"Brazil, Japan, UK"
S0053,Law Excellence Scholarship 53,Data Science,"Minimum GPA 3.5, International students welcome",Comprehensive scholarship for Arts students focusing on AI. Partial funding available.,2026-04-21,Partial,"Germany, UAE, Brazil"
S0054,Computer Science Excellence Scholarship 54,Education,"Minimum GPA 3.2, International students welcome",Comprehensive scholarship for Medicine students focusing on Creative Arts. Research grant available.,2026-10-05,Partial,"Australia, South Africa, Canada"
S0055,Medicine Excellence Scholarship 55,Engineering,"Minimum GPA 3.5, International students welcome",Comprehensive scholarship for Medicine students focusing on Machine Learning. Partial funding available.,2026-04-11,Full,"Canada, USA, South Africa"
S0056,Engineering Excellence Scholarship 56,Law,"Minimum GPA 3.2, Domestic students only",Comprehensive scholarship for Education students focusing on Education Technology. Full tuition coverage available.,2026-07-22,Research Grant,"South Africa, Canada, Germany"
S0057,Data Science Excellence Scholarship 57,Education,"Minimum GPA 3.0, Domestic students only",Comprehensive scholarship for Engineering students focusing on Education Technology. Partial funding available.,2026-09-02,Research Grant,"India, Germany, Canada"
S0058,Law Excellence Scholarship 58,Data Science,"Minimum GPA 3.5, International students welcome",Comprehensive scholarship for Law students focusing on Medical Research. Partial funding available.,2026-01-14,Partial,"Canada, USA, Japan"
S0059,Medicine Excellence Scholarship 59,Law,"Minimum GPA 3.2, International students welcome",Comprehensive scholarship for Education students focusing on Data Analysis. Full tuition coverage available.,2026-03-28,Full,"UAE, South Africa, Brazil"
S0060,Law Excellence Scholarship 60,Medicine,"Minimum GPA 3.2, Domestic students only",Comprehensive scholarship for Education students focusing on Business Management. Full tuition coverage available.,2026-07-15,Partial,"Australia, Brazil, Japan"
S0061,Medicine Excellence Scholarship 61,Business,"Minimum GPA 3.5, International students welcome",Comprehensive scholarship for Law students focusing on Medical Research. Partial funding available.,2026-05-30,Partial,"Germany, UK, India"
S0062,Medicine Excellence Scholarship 62,Arts,"Minimum GPA 3.2, International students welcome",Comprehensive scholarship for Law students focusing on Web Development. Full tuition coverage available.,2026-07-19,Partial,"Japan, USA, UK"
S0063,Medicine Excellence Scholarship 63,Arts,"Minimum GPA 3.2, International students welcome",Comprehensive scholarship for Computer Science students focusing on Education Technology. Partial funding available.,2025-12-21,Full,"India, Canada, USA"
S0064,Arts Excellence Scholarship 64,Business,"Minimum GPA 3.0, International students welcome",Comprehensive scholarship for Computer Science students focusing on Legal Studies. Partial funding available.,2026-08-04,Partial,"UK, Australia, South Africa"
S0065,Data Science Excellence Scholarship 65,Arts,"Minimum GPA 3.2, Domestic students only",Comprehensive scholarship for Environmental Science students focusing on AI. Research grant available.,2026-01-24,Full,"Brazil, UAE, UK"
S0066,Education Excellence Scholarship 66,Education,"Minimum GPA 3.0, Domestic students only",Comprehensive scholarship for Arts students focusing on Education Technology. Partial funding available.,2026-04-24,Research Grant,"UK, Brazil, Australia"
S0067,Law Excellence Scholarship 67,Environmental Science,"Minimum GPA 3.5, International students welcome",Comprehensive scholarship for Medicine students focusing on Business Management. Research grant available.,2026-09-11,Partial,"South Africa, UK, India"
S0068,Law Excellence Scholarship 68,Engineering,"Minimum GPA 3.0, Domestic students only",Comprehensive scholarship for Environmental Science students focusing on Data Analysis. Full tuition coverage available.,2026-07-21,Research Grant,"UAE, Australia, Germany"
S0069,Data Science Excellence Scholarship 69,Environmental Science,"Minimum GPA 3.2, International students welcome",Comprehensive scholarship for Education students focusing on Machine Learning. Full tuition coverage available.,2026-07-25,Research Grant,"Canada, South Africa, UK"
S0070,Data Science Excellence Scholarship 70,Business,"Minimum GPA 3.0, International students welcome",Comprehensive scholarship for Law students focusing on Machine Learning. Research grant available.,2026-08-28,Full,"South Africa, Australia, UK"
S0071,Law Excellence Scholarship 71,Education,"Minimum GPA 3.5, International students welcome",Comprehensive scholarship for Business students focusing on AI. Partial funding available.,2026-01-24,Research Grant,"Germany, India, South Africa"
S0072,Law Excellence Scholarship 72,Education,"Minimum GPA 3.2, International students welcome",Comprehensive scholarship for Environmental Science students focusing on Web Development. Full tuition coverage available.,2026-03-10,Partial,"UK, South Africa, Australia"
S0073,Education Excellence Scholarship 73,Education,"Minimum GPA 3.2, International students welcome",Comprehensive scholarship for Business students focusing on Environmental Conservation. Research grant available.,2026-03-05,Research Grant,"Japan, Canada, Brazil"
S0074,Data Science Excellence Scholarship 74,Law,"Minimum GPA 3.2, Domestic students only",Comprehensive scholarship for Environmental Science students focusing on Creative Arts. Partial funding available.,2026-09-02,Partial,"Germany, Brazil, Japan"
S0075,Engineering Excellence Scholarship 75,Education,"Minimum GPA 3.5, Domestic students only",Comprehensive scholarship for Law students focusing on Legal Studies. Full tuition coverage available.,2025-12-10,Full,"UK, Germany, India"
S0076,Law Excellence Scholarship 76,Computer Science,"Minimum GPA 3.2, International students welcome",Comprehensive scholarship for Environmental Science students focusing on Creative Arts. Research grant available.,2026-04-20,Partial,"Japan, UK, UAE"
S0077,Medicine Excellence Scholarship 77,Law,"Minimum GPA 3.0, Domestic students only",Comprehensive scholarship for Arts students focusing on AI. Full tuition coverage available.,2025-12-30,Partial,"UAE, Brazil, UK"
S0078,Law Excellence Scholarship 78,Computer Science,"Minimum GPA 3.5, International students welcome",Comprehensive scholarship for Environmental Science students focusing on Web Development. Full tuition coverage available.,2026-08-19,Partial,"USA, Canada, UK"
S0079,Business Excellence Scholarship 79,Education,"Minimum GPA 3.2, International students welcome",Comprehensive scholarship for Medicine students focusing on Machine Learning. Partial funding available.,2026-08-26,Full,"USA, India, Germany"
S0080,Education Excellence Scholarship 80,Law,"Minimum GPA 3.2, Domestic students only",Comprehensive scholarship for Engineering students focusing on Business Management. Full tuition coverage available.,2026-09-03,Full,"Brazil, Australia, UAE"
S0081,Computer Science Excellence Scholarship 81,Engineering,"Minimum GPA 3.0, International students welcome",Comprehensive scholarship for Arts students focusing on Education Technology. Research grant available.,2026-10-12,Full,"South Africa, Australia, Germany"
S0082,Engineering Excellence Scholarship 82,Business,"Minimum GPA 3.2, International students welcome",Comprehensive scholarship for Data Science students focusing on Machine Learning. Research grant available.,2026-10-01,Research Grant,"India, UK, Japan"
S0083,Environmental Science Excellence Scholarship 83,Arts,"Minimum GPA 3.2, International students welcome",Comprehensive scholarship for Medicine students focusing on Environmental Conservation. Partial funding available.,2025-12-12,Partial,"Canada, Brazil, UK"
S0084,Computer Science Excellence Scholarship 84,Arts,"Minimum GPA 3.0, International students welcome",Comprehensive scholarship for Computer Science students focusing on Data Analysis. Partial funding available.,2026-06-12,Full,"Canada, UAE, Germany"
S0085,Medicine Excellence Scholarship 85,Business,"Minimum GPA 3.5, International students welcome",Comprehensive scholarship for Arts students focusing on Legal Studies. Full tuition coverage available.,2026-05-27,Full,"Australia, Brazil, USA"
S0086,Computer Science Excellence Scholarship 86,Engineering,"Minimum GPA 3.5, Domestic students only",Comprehensive scholarship for Law students focusing on Web Development. Full tuition coverage available.,2026-10-02,Research Grant,"India, Germany, UK"
S0087,Environmental Science Excellence Scholarship 87,Engineering,"Minimum GPA 3.5, International students welcome",Comprehensive scholarship for Education students focusing on AI. Full tuition coverage available.,2026-01-13,Partial,"Australia, Japan, UAE"
S0088,Engineering Excellence Scholarship 88,Business,"Minimum GPA 3.2, International students welcome",Comprehensive scholarship for Data Science students focusing on Web Development. Full tuition coverage available.,2026-04-17,Full,"India, Canada, USA"
S0089,Arts Excellence Scholarship 89,Arts,"Minimum GPA 3.0, International students welcome",Comprehensive scholarship for Medicine students focusing on AI. Research grant available.,2026-04-09,Partial,"Australia, USA, Canada"
S0090,Law Excellence Scholarship 90,Medicine,"Minimum GPA 3.5, International students welcome",Comprehensive scholarship for Business students focusing on Creative Arts. Research grant available.,2026-04-21,Research Grant,"UK, India, UAE"
S0091,Business Excellence Scholarship 91,Environmental Science,"Minimum GPA 3.5, International students welcome",Comprehensive scholarship for Law students focusing on Business Management. Research grant available.,2026-09-20,Full,"USA, South Africa, Canada"
S0092,Education Excellence Scholarship 92,Medicine,"Minimum GPA 3.2, Domestic students only",Comprehensive scholarship for Law students focusing on Creative Arts. Research grant available.,2026-05-01,Partial,"UAE, South Africa, Japan"
S0093,Engineering Excellence Scholarship 93,Computer Science,"Minimum GPA 3.2, Domestic students only",Comprehensive scholarship for Business students focusing on Medical Research. Partial funding available.,2026-01-23,Research Grant,"India, Canada, Australia"
S0094,Arts Excellence Scholarship 94,Environmental Science,"Minimum GPA 3.0, International students welcome",Comprehensive scholarship for Computer Science students focusing on Environmental Conservation. Partial funding available.,2026-07-10,Partial,"UAE, Canada, USA"
S0095,Business Excellence Scholarship 95,Computer Science,"Minimum GPA 3.2, International students welcome",Comprehensive scholarship for Medicine students focusing on Business Management. Full tuition coverage available.,2026-05-26,Full,"UK, Brazil, USA"
S0096,Computer Science Excellence Scholarship 96,Engineering,"Minimum GPA 3.5, International students welcome",Comprehensive scholarship for Law students focusing on Business Management. Partial funding available.,2025-12-23,Research Grant,"UAE, India, Germany"
S0097,Engineering Excellence Scholarship 97,Business,"Minimum GPA 3.0, Domestic students only",Comprehensive scholarship for Computer Science students focusing on Data Analysis. Research grant available.,2026-02-26,Research Grant,"Australia, Japan, Canada"
S0098,Engineering Excellence Scholarship 98,Law,"Minimum GPA 3.2, International students welcome",Comprehensive scholarship for Law students focusing on AI. Full tuition coverage available.,2026-04-19,Partial,"UK, Canada, Japan"
S0099,Education Excellence Scholarship 99,Data Science,"Minimum GPA 3.2, International students welcome",Comprehensive scholarship for Education students focusing on Machine Learning. Research grant available.,2026-04-07,Full,"Japan, Brazil, UAE"
S0100,Law Excellence Scholarship 100,Computer Science,"Minimum GPA 3.0, International students welcome",Comprehensive scholarship for Medicine students focusing on AI. Full tuition coverage available.,2026-03-08,Partial,"Brazil, Canada, South Africa"
S0101,Law Excellence Scholarship 101,Education,"Minimum GPA 3.0, International students welcome",Comprehensive scholarship for Law students focusing on Environmental Conservation. Partial funding available.,2026-10-30,Partial,"South Africa, Brazil, USA"
S0102,Computer Science Excellence Scholarship 102,Arts,"Minimum GPA 3.2, International students welcome",Comprehensive scholarship for Data Science students focusing on Data Analysis. Partial funding available.,2026-06-30,Research Grant,"Brazil, Japan, Australia"
S0103,Computer Science Excellence Scholarship 103,Education,"Minimum GPA 3.0, Domestic students only",Comprehensive scholarship for Law students focusing on Data Analysis. Research grant available.,2026-07-02,Research Grant,"South Africa, Japan, Australia"
S0104,Law Excellence Scholarship 104,Medicine,"Minimum GPA 3.0, International students welcome",Comprehensive scholarship for Medicine students focusing on Medical Research. Research grant available.,2026-07-11,Research Grant,"Japan, Brazil, USA"
S0105,Engineering Excellence Scholarship 105,Education,"Minimum GPA 3.0, Domestic students only",Comprehensive scholarship for Education students focusing on AI. Partial funding available.,2025-12-28,Partial,"USA, Japan, UK"
S0106,Education Excellence Scholarship 106,Environmental Science,"Minimum GPA 3.2, Domestic students only",Comprehensive scholarship for Data Science students focusing on Web Development. Partial funding available.,2026-07-22,Research Grant,"UK, USA, India"
S0107,Law Excellence Scholarship 107,Computer Science,"Minimum GPA 3.2, Domestic students only",Comprehensive scholarship for Law students focusing on Machine Learning. Full tuition coverage available.,2026-04-04,Research Grant,"USA, Brazil, Japan"
S0108,Law Excellence Scholarship 108,Computer Science,"Minimum GPA 3.2, International students welcome",Comprehensive scholarship for Law students focusing on Business Management. Full tuition coverage available.,2026-11-01,Partial,"UK, South Africa, UAE"
S0109,Business Excellence Scholarship 109,Education,"Minimum GPA 3.0, Domestic students only",Comprehensive scholarship for Law students focusing on Business Management. Partial funding available.,2026-06-11,Research Grant,"Australia, India, USA"
S0110,Environmental Science Excellence Scholarship 110,Medicine,"Minimum GPA 3.0, Domestic students only",Comprehensive scholarship for Engineering students focusing on Education Technology. Full tuition coverage available.,2026-03-27,Research Grant,"Japan, Germany, USA"
S0111,Law Excellence Scholarship 111,Medicine,"Minimum GPA 3.2, International students welcome",Comprehensive scholarship for Data Science students focusing on Medical Research. Research grant available.,2026-06-23,Full,"Brazil, UK, UAE"
S0112,Computer Science Excellence Scholarship 112,Education,"Minimum GPA 3.2, Domestic students only",Comprehensive scholarship for Computer Science students focusing on Environmental Conservation. Partial funding available.,2026-09-22,Partial,"USA, Germany, South Africa"
S0113,Data Science Excellence Scholarship 113,Business,"Minimum GPA 3.0, International students welcome",Comprehensive scholarship for Medicine students focusing on AI. Partial funding available.,2026-07-31,Research Grant,"Canada, India, UK"
S0114,Data Science Excellence Scholarship 114,Engineering,"Minimum GPA 3.0, International students welcome",Comprehensive scholarship for Environmental Science students focusing on Machine Learning. Research grant available.,2026-09-30,Partial,"UK, South Africa, USA"
S0115,Business Excellence Scholarship 115,Medicine,"Minimum GPA 3.0, International students welcome",Comprehensive scholarship for Arts students focusing on Education Technology. Research grant available.,2026-10-29,Full,"India, Brazil, UK"
S0116,Arts Excellence Scholarship 116,Law,"Minimum GPA 3.5, Domestic students only",Comprehensive scholarship for Computer Science students focusing on Legal Studies. Full tuition coverage available.,2026-10-03,Partial,"Germany, UK, Canada"
S0117,Business Excellence Scholarship 117,Law,"Minimum GPA 3.5, Domestic students only",Comprehensive scholarship for Medicine students focusing on Creative Arts. Full tuition coverage available.,2026-02-28,Full,"UK, South Africa, Brazil"
S0118,Education Excellence Scholarship 118,Data Science,"Minimum GPA 3.0, Domestic students only",Comprehensive scholarship for Education students focusing on Creative Arts. Research grant available.,2025-12-09,Partial,"UK, India, UAE"
S0119,Engineering Excellence Scholarship 119,Data Science,"Minimum GPA 3.5, Domestic students only",Comprehensive scholarship for Environmental Science students focusing on Data Analysis. Partial funding available.,2026-04-22,Full,"Australia, UK, UAE"
S0120,Arts Excellence Scholarship 120,Education,"Minimum GPA 3.2, International students welcome",Comprehensive scholarship for Law students focusing on Medical Research. Partial funding available.,2026-07-29,Partial,"Brazil, USA, India"
S0121,Computer Science Excellence Scholarship 121,Computer Science,"Minimum GPA 3.2, International students welcome",Comprehensive scholarship for Computer Science students focusing on Legal Studies. Partial funding available.,2026-04-08,Research Grant,"Brazil, Germany, Canada"
S0122,Environmental Science Excellence Scholarship 122,Education,"Minimum GPA 3.5, International students welcome",Comprehensive scholarship for Engineering students focusing on Medical Research. Research grant available.,2026-02-25,Research Grant,"UAE, Brazil, South Africa"
S0123,Business Excellence Scholarship 123,Education,"Minimum GPA 3.2, International students welcome",Comprehensive scholarship for Law students focusing on Environmental Conservation. Full tuition coverage available.,2026-10-29,Research Grant,"Canada, Australia, UAE"
S0124,Medicine Excellence Scholarship 124,Education,"Minimum GPA 3.0, International students welcome",Comprehensive scholarship for Engineering students focusing on AI. Partial funding available.,2026-02-16,Partial,"India, South Africa, UAE"
S0125,Business Excellence Scholarship 125,Arts,"Minimum GPA 3.5, Domestic students only",Comprehensive scholarship for Education students focusing on Medical Research. Research grant available.,2026-08-04,Full,"Japan, Canada, South Africa"
S0126,Data Science Excellence Scholarship 126,Business,"Minimum GPA 3.0, International students welcome",Comprehensive scholarship for Arts students focusing on Legal Studies. Research grant available.,2026-08-28,Research Grant,"Australia, Canada, Japan"
S0127,Data Science Excellence Scholarship 127,Data Science,"Minimum GPA 3.2, Domestic students only",Comprehensive scholarship for Environmental Science students focusing on Environmental Conservation. Research grant available.,2026-03-27,Research Grant,"South Africa, USA, UAE"
S0128,Engineering Excellence Scholarship 128,Law,"Minimum GPA 3.0, International students welcome",Comprehensive scholarship for Arts students focusing on Environmental Conservation. Full tuition coverage available.,2026-03-21,Partial,"UAE, UK, Australia"
S0129,Business Excellence Scholarship 129,Computer Science,"Minimum GPA 3.5, International students welcome",Comprehensive scholarship for Medicine students focusing on Legal Studies. Full tuition coverage available.,2026-01-10,Research Grant,"Brazil, Australia, USA"
S0130,Education Excellence Scholarship 130,Computer Science,"Minimum GPA 3.2, International students welcome",Comprehensive scholarship for Arts students focusing on Data Analysis. Full tuition coverage available.,2026-02-28,Full,"UK, UAE, South Africa"
S0131,Engineering Excellence Scholarship 131,Business,"Minimum GPA 3.5, Domestic students only",Comprehensive scholarship for Arts students focusing on Machine Learning. Full tuition coverage available.,2026-10-18,Research Grant,"Brazil, Canada, Germany"
S0132,Education Excellence Scholarship 132,Education,"Minimum GPA 3.0, International students welcome",Comprehensive scholarship for Business students focusing on Education Technology. Research grant available.,2026-05-24,Research Grant,"UK, USA, Japan"
S0133,Environmental Science Excellence Scholarship 133,Law,"Minimum GPA 3.0, Domestic students only",Comprehensive scholarship for Medicine students focusing on Environmental Conservation. Full tuition coverage available.,2026-09-01,Full,"Brazil, UAE, India"
S0134,Computer Science Excellence Scholarship 134,Law,"Minimum GPA 3.2, International students welcome",Comprehensive scholarship for Law students focusing on Legal Studies. Full tuition coverage available.,2026-02-05,Research Grant,"Australia, UAE, Japan"
S0135,Data Science Excellence Scholarship 135,Law,"Minimum GPA 3.2, Domestic students only",Comprehensive scholarship for Environmental Science students focusing on AI. Research grant available.,2026-04-01,Full,"South Africa, India, USA"
S0136,Arts Excellence Scholarship 136,Business,"Minimum GPA 3.0, International students welcome",Comprehensive scholarship for Medicine students focusing on Education Technology. Partial funding available.,2026-03-01,Full,"Japan, India, Australia"
S0137,Arts Excellence Scholarship 137,Education,"Minimum GPA 3.5, International students welcome",Comprehensive scholarship for Environmental Science students focusing on Medical Research. Research grant available.,2026-05-02,Full,"UK, India, Germany"
S0138,Data Science Excellence Scholarship 138,Computer Science,"Minimum GPA 3.5, Domestic students only",Comprehensive scholarship for Environmental Science students focusing on Legal Studies. Partial funding available.,2026-05-24,Partial,"UAE, Canada, Germany"
S0139,Medicine Excellence Scholarship 139,Engineering,"Minimum GPA 3.2, International students welcome",Comprehensive scholarship for Computer Science students focusing on Machine Learning. Full tuition coverage available.,2026-10-03,Full,"India, Australia, UK"
S0140,Law Excellence Scholarship 140,Education,"Minimum GPA 3.0, Domestic students only",Comprehensive scholarship for Engineering students focusing on Environmental Conservation. Full tuition coverage available.,2026-03-24,Partial,"India, Australia, South Africa"
S0141,Engineering Excellence Scholarship 141,Law,"Minimum GPA 3.2, Domestic students only",Comprehensive scholarship for Engineering students focusing on Legal Studies. Partial funding available.,2026-09-09,Partial,"USA, India, South Africa"
S0142,Arts Excellence Scholarship 142,Environmental Science,"Minimum GPA 3.2, International students welcome",Comprehensive scholarship for Data Science students focusing on Web Development. Partial funding available.,2026-10-04,Research Grant,"India, Japan, Germany"
S0143,Data Science Excellence Scholarship 143,Arts,"Minimum GPA 3.0, International students welcome",Comprehensive scholarship for Arts students focusing on Creative Arts. Partial funding available.,2025-12-23,Partial,"UAE, Brazil, Canada"
S0144,Arts Excellence Scholarship 144,Education,"Minimum GPA 3.5, International students welcome",Comprehensive scholarship for Business students focusing on Data Analysis. Full tuition coverage available.,2026-10-07,Research Grant,"Brazil, USA, Australia"
S0145,Arts Excellence Scholarship 145,Data Science,"Minimum GPA 3.0, International students welcome",Comprehensive scholarship for Education students focusing on Web Development. Research grant available.,2026-05-02,Full,"Australia, Japan, USA"
S0146,Arts Excellence Scholarship 146,Medicine,"Minimum GPA 3.0, Domestic students only",Comprehensive scholarship for Environmental Science students focusing on Education Technology. Research grant available.,2026-10-05,Partial,"UK, Australia, South Africa"
S0147,Data Science Excellence Scholarship 147,Business,"Minimum GPA 3.5, Domestic students only",Comprehensive scholarship for Environmental Science students focusing on AI. Research grant available.,2026-03-16,Research Grant,"UAE, UK, USA"
S0148,Medicine Excellence Scholarship 148,Law,"Minimum GPA 3.0, International students welcome",Comprehensive scholarship for Data Science students focusing on Web Development. Research grant available.,2025-12-25,Full,"Australia, South Africa, Brazil"
S0149,Data Science Excellence Scholarship 149,Law,"Minimum GPA 3.0, Domestic students only",Comprehensive scholarship for Law students focusing on Medical Research. Partial funding available.,2026-08-07,Partial,"Brazil, South Africa, India"
S0150,Computer Science Excellence Scholarship 150,Computer Science,"Minimum GPA 3.5, Domestic students only",Comprehensive scholarship for Environmental Science students focusing on Web Development. Research grant available.,2026-04-09,Partial,"UK, USA, Canada"
S0151,Medicine Excellence Scholarship 151,Data Science,"Minimum GPA 3.2, International students welcome",Comprehensive scholarship for Computer Science students focusing on Web Development. Partial funding available.,2026-08-10,Research Grant,"India, Canada, Germany"
S0152,Medicine Excellence Scholarship 152,Business,"Minimum GPA 3.2, Domestic students only",Comprehensive scholarship for Arts students focusing on Machine Learning. Partial funding available.,2026-06-02,Research Grant,"India, UAE, Germany"
S0153,Environmental Science Excellence Scholarship 153,Arts,"Minimum GPA 3.2, Domestic students only",Comprehensive scholarship for Environmental Science students focusing on AI. Full tuition coverage available.,2026-08-06,Partial,"India, South Africa, Australia"
S0154,Education Excellence Scholarship 154,Engineering,"Minimum GPA 3.2, International students welcome",Comprehensive scholarship for Law students focusing on Education Technology. Research grant available.,2026-10-05,Full,"Australia, South Africa, UK"
S0155,Education Excellence Scholarship 155,Environmental Science,"Minimum GPA 3.2, Domestic students only",Comprehensive scholarship for Engineering students focusing on Education Technology. Research grant available.,2026-07-19,Partial,"USA, Australia, Japan"
S0156,Computer Science Excellence Scholarship 156,Data Science,"Minimum GPA 3.2, International students welcome",Comprehensive scholarship for Engineering students focusing on Creative Arts. Research grant available.,2026-08-21,Partial,"UK, South Africa, USA"
S0157,Data Science Excellence Scholarship 157,Business,"Minimum GPA 3.0, International students welcome",Comprehensive scholarship for Arts students focusing on Medical Research. Partial funding available.,2026-08-09,Research Grant,"Australia, Japan, Brazil"
S0158,Computer Science Excellence Scholarship 158,Business,"Minimum GPA 3.0, International students welcome",Comprehensive scholarship for Data Science students focusing on AI. Full tuition coverage available.,2026-01-12,Full,"Germany, Brazil, USA"
S0159,Computer Science Excellence Scholarship 159,Medicine,"Minimum GPA 3.5, International students welcome",Comprehensive scholarship for Data Science students focusing on Creative Arts. Partial funding available.,2026-10-08,Full,"USA, Canada, India"
S0160,Data Science Excellence Scholarship 160,Environmental Science,"Minimum GPA 3.5, International students welcome",Comprehensive scholarship for Environmental Science students focusing on Data Analysis. Full tuition coverage available.,2026-09-28,Full,"UK, USA, Australia"
S0161,Education Excellence Scholarship 161,Education,"Minimum GPA 3.2, Domestic students only",Comprehensive scholarship for Education students focusing on Machine Learning. Full tuition coverage available.,2026-09-23,Research Grant,"Japan, UK, Canada"
S0162,Law Excellence Scholarship 162,Computer Science,"Minimum GPA 3.5, Domestic students only",Comprehensive scholarship for Law students focusing on AI. Partial funding available.,2026-01-29,Full,"UK, Brazil, India"
S0163,Medicine Excellence Scholarship 163,Computer Science,"Minimum GPA 3.0, International students welcome",Comprehensive scholarship for Computer Science students focusing on Environmental Conservation. Research grant available.,2026-02-24,Research Grant,"Germany, South Africa, Japan"
S0164,Environmental Science Excellence Scholarship 164,Law,"Minimum GPA 3.0, Domestic students only",Comprehensive scholarship for Data Science students focusing on Machine Learning. Research grant available.,2026-02-10,Full,"Japan, Germany, Brazil"
S0165,Medicine Excellence Scholarship 165,Data Science,"Minimum GPA 3.2, Domestic students only",Comprehensive scholarship for Environmental Science students focusing on Legal Studies. Research grant available.,2026-07-04,Research Grant,"USA, Brazil, India"
S0166,Environmental Science Excellence Scholarship 166,Environmental Science,"Minimum GPA 3.2, Domestic students only",Comprehensive scholarship for Business students focusing on Business Management. Partial funding available.,2026-03-15,Partial,"UAE, South Africa, Brazil"
S0167,Data Science Excellence Scholarship 167,Medicine,"Minimum GPA 3.0, International students welcome",Comprehensive scholarship for Data Science students focusing on Medical Research. Partial funding available.,2026-07-14,Partial,"USA, South Africa, Canada"
S0168,Engineering Excellence Scholarship 168,Law,"Minimum GPA 3.0, International students welcome",Comprehensive scholarship for Law students focusing on Environmental Conservation. Partial funding available.,2026-05-19,Partial,"Germany, Japan, South Africa"
S0169,Education Excellence Scholarship 169,Engineering,"Minimum GPA 3.5, Domestic students only",Comprehensive scholarship for Engineering students focusing on Medical Research. Research grant available.,2026-08-08,Partial,"Germany, UK, Brazil"
S0170,Education Excellence Scholarship 170,Law,"Minimum GPA 3.5, International students welcome",Comprehensive scholarship for Medicine students focusing on Machine Learning. Research grant available.,2026-02-19,Full,"India, UAE, UK"
S0171,Education Excellence Scholarship 171,Environmental Science,"Minimum GPA 3.2, Domestic students only",Comprehensive scholarship for Data Science students focusing on Machine Learning. Partial funding available.,2026-03-04,Full,"India, USA, Canada"
S0172,Business Excellence Scholarship 172,Medicine,"Minimum GPA 3.2, International students welcome",Comprehensive scholarship for Computer Science students focusing on Data Analysis. Full tuition coverage available.,2026-05-16,Research Grant,"USA, Canada, UK"
S0173,Business Excellence Scholarship 173,Business,"Minimum GPA 3.2, Domestic students only",Comprehensive scholarship for Environmental Science students focusing on Legal Studies. Research grant available.,2026-10-25,Full,"Japan, South Africa, India"
S0174,Computer Science Excellence Scholarship 174,Environmental Science,"Minimum GPA 3.0, International students welcome",Comprehensive scholarship for Computer Science students focusing on Education Technology. Research grant available.,2026-07-21,Full,"India, UAE, UK"
S0175,Environmental Science Excellence Scholarship 175,Computer Science,"Minimum GPA 3.5, Domestic students only",Comprehensive scholarship for Law students focusing on AI. Research grant available.,2026-03-01,Partial,"Germany, UK, Australia"
S0176,Medicine Excellence Scholarship 176,Data Science,"Minimum GPA 3.0, International students welcome",Comprehensive scholarship for Data Science students focusing on Legal Studies. Research grant available.,2025-12-25,Partial,"Brazil, USA, Japan"
S0177,Law Excellence Scholarship 177,Data Science,"Minimum GPA 3.2, International students welcome",Comprehensive scholarship for Environmental Science students focusing on Machine Learning. Research grant available.,2026-11-02,Research Grant,"UAE, Australia, South Africa"
S0178,Education Excellence Scholarship 178,Law,"Minimum GPA 3.5, International students welcome",Comprehensive scholarship for Environmental Science students focusing on Web Development. Full tuition coverage available.,2026-09-01,Full,"Brazil, India, Canada"
S0179,Medicine Excellence Scholarship 179,Environmental Science,"Minimum GPA 3.0, Domestic students only",Comprehensive scholarship for Engineering students focusing on Legal Studies. Research grant available.,2026-07-07,Full,"South Africa, Japan, Brazil"
S0180,Law Excellence Scholarship 180,Law,"Minimum GPA 3.2, International students welcome",Comprehensive scholarship for Environmental Science students focusing on Legal Studies. Full tuition coverage available.,2026-05-31,Research Grant,"Brazil, Canada, Germany"
S0181,Law Excellence Scholarship 181,Medicine,"Minimum GPA 3.0, International students welcome",Comprehensive scholarship for Engineering students focusing on Medical Research. Full tuition coverage available.,2026-04-21,Full,"Australia, Germany, Japan"
S0182,Environmental Science Excellence Scholarship 182,Engineering,"Minimum GPA 3.5, International students welcome",Comprehensive scholarship for Business students focusing on Medical Research. Partial funding available.,2026-10-02,Partial,"USA, South Africa, UK"
S0183,Computer Science Excellence Scholarship 183,Engineering,"Minimum GPA 3.2, International students welcome",Comprehensive scholarship for Education students focusing on Legal Studies. Partial funding available.,2026-04-24,Research Grant,"UAE, Canada, USA"
S0184,Law Excellence Scholarship 184,Medicine,"Minimum GPA 3.2, International students welcome",Comprehensive scholarship for Data Science students focusing on Medical Research. Full tuition coverage available.,2026-09-16,Research Grant,"India, Brazil, Germany"
S0185,Medicine Excellence Scholarship 185,Computer Science,"Minimum GPA 3.5, Domestic students only",Comprehensive scholarship for Business students focusing on Machine Learning. Research grant available.,2026-07-16,Research Grant,"Australia, Canada, UK"
S0186,Business Excellence Scholarship 186,Education,"Minimum GPA 3.0, International students welcome",Comprehensive scholarship for Data Science students focusing on Education Technology. Partial funding available.,2026-09-19,Partial,"South Africa, USA, Canada"
S0187,Law Excellence Scholarship 187,Medicine,"Minimum GPA 3.2, International students welcome",Comprehensive scholarship for Medicine students focusing on Legal Studies. Partial funding available.,2026-09-01,Partial,"USA, South Africa, UK"
S0188,Medicine Excellence Scholarship 188,Business,"Minimum GPA 3.5, Domestic students only",Comprehensive scholarship for Environmental Science students focusing on Environmental Conservation. Full tuition coverage available.,2026-09-30,Research Grant,"USA, Canada, India"
S0189,Education Excellence Scholarship 189,Arts,"Minimum GPA 3.2, International students welcome",Comprehensive scholarship for Computer Science students focusing on Machine Learning. Research grant available.,2026-07-12,Research Grant,"Germany, Canada, Japan"
S0190,Education Excellence Scholarship 190,Arts,"Minimum GPA 3.2, Domestic students only",Comprehensive scholarship for Law students focusing on Environmental Conservation. Research grant available.,2026-05-15,Research Grant,"Japan, USA, UK"
S0191,Engineering Excellence Scholarship 191,Environmental Science,"Minimum GPA 3.5, Domestic students only",Comprehensive scholarship for Data Science students focusing on Environmental Conservation. Research grant available.,2026-10-27,Research Grant,"Brazil, South Africa, India"
S0192,Law Excellence Scholarship 192,Arts,"Minimum GPA 3.5, International students welcome",Comprehensive scholarship for Environmental Science students focusing on Legal Studies. Full tuition coverage available.,2026-10-14,Full,"USA, India, UAE"
S0193,Arts Excellence Scholarship 193,Business,"Minimum GPA 3.2, International students welcome",Comprehensive scholarship for Arts students focusing on Business Management. Partial funding available.,2025-12-10,Partial,"UAE, India, Australia"
S0194,Computer Science Excellence Scholarship 194,Data Science,"Minimum GPA 3.0, International students welcome",Comprehensive scholarship for Arts students focusing on Machine Learning. Partial funding available.,2026-10-17,Partial,"Canada, Japan, Germany"
S0195,Medicine Excellence Scholarship 195,Environmental Science,"Minimum GPA 3.2, Domestic students only",Comprehensive scholarship for Data Science students focusing on Machine Learning. Partial funding available.,2026-04-28,Research Grant,"India, Germany, South Africa"
S0196,Business Excellence Scholarship 196,Computer Science,"Minimum GPA 3.5, Domestic students only",Comprehensive scholarship for Data Science students focusing on Data Analysis. Partial funding available.,2026-01-19,Full,"USA, Canada, Australia"
S0197,Medicine Excellence Scholarship 197,Medicine,"Minimum GPA 3.0, International students welcome",Comprehensive scholarship for Computer Science students focusing on Web Development. Full tuition coverage available.,2026-05-30,Research Grant,"UK, India, South Africa"
S0198,Engineering Excellence Scholarship 198,Engineering,"Minimum GPA 3.5, International students welcome",Comprehensive scholarship for Environmental Science students focusing on AI. Full tuition coverage available.,2026-09-15,Full,"Germany, UAE, Australia"
S0199,Data Science Excellence Scholarship 199,Computer Science,"Minimum GPA 3.2, Domestic students only",Comprehensive scholarship for Business students focusing on AI. Partial funding available.,2026-03-12,Research Grant,"South Africa, India, Japan"
S0200,Environmental Science Excellence Scholarship 200,Environmental Science,"Minimum GPA 3.2, Domestic students only",Comprehensive scholarship for Engineering students focusing on Medical Research. Partial funding available.,2026-10-27,Full,"Canada, Japan, South Africa"
